,Series Name,Year,Value
0,GDP (constant 2015 US$),1960,42162423824.202
1,GDP (constant LCU),1960,60459861703.31
2,GDP (current LCU),1960,2843960225.78494
3,GDP (current US$),1960,5536098606.29231
4,GDP deflator (base year varies by country),1960,4.70388146063067
5,GDP growth (annual %),1960,
6,GDP per capita (constant 2015 US$),1960,17776.551068472
7,GDP per capita (constant LCU),1960,25491.1298184122
8,GDP per capita (current LCU),1960,1199.07252963359
9,GDP per capita (current US$),1960,2334.13382506632
10,GDP per capita growth (annual %),1960,
11,"GDP per capita, PPP (constant 2021 international $)",1960,
12,GDP deflator: linked series (base year varies by country),1960,
13,"GDP per capita, PPP (current international $)",1960,
14,GDP per person employed (constant 2021 PPP $),1960,
15,GDP per unit of energy use (constant 2021 PPP $ per kg of oil equivalent),1960,
16,GDP per unit of energy use (PPP $ per kg of oil equivalent),1960,
17,"GDP, PPP (constant 2021 international $)",1960,
18,"GDP, PPP (current international $)",1960,
19,GDP: linked series (current LCU),1960,
20,GDP (constant 2015 US$),1961,43560382084.1861
21,GDP (constant LCU),1961,62464498899.1707
22,GDP (current LCU),1961,2944498663.65612
23,GDP (current US$),1961,5721995118.28133
24,GDP deflator (base year varies by country),1961,4.71387542611858
25,GDP growth (annual %),1961,3.31564965480389
26,GDP per capita (constant 2015 US$),1961,18002.3895872158
27,GDP per capita (constant LCU),1961,25814.9766083278
28,GDP per capita (current LCU),1961,1216.88583859822
29,GDP per capita (current US$),1961,2364.75394399361
30,GDP per capita growth (annual %),1961,1.27042933060454
31,"GDP per capita, PPP (constant 2021 international $)",1961,
32,GDP deflator: linked series (base year varies by country),1961,
33,"GDP per capita, PPP (current international $)",1961,
34,GDP per person employed (constant 2021 PPP $),1961,
35,GDP per unit of energy use (constant 2021 PPP $ per kg of oil equivalent),1961,
36,GDP per unit of energy use (PPP $ per kg of oil equivalent),1961,
37,"GDP, PPP (constant 2021 international $)",1961,
38,"GDP, PPP (current international $)",1961,
39,GDP: linked series (current LCU),1961,
40,GDP (constant 2015 US$),1962,44902422331.7804
41,GDP (constant LCU),1962,64388951063.2148
42,GDP (current LCU),1962,3172314985.84004
43,GDP (current US$),1962,6133158804.52258
44,GDP deflator (base year varies by country),1962,4.92680022497272
45,GDP growth (annual %),1962,3.08087345285604
46,GDP per capita (constant 2015 US$),1962,18091.225758171
47,GDP per capita (constant LCU),1962,25942.3654565732
48,GDP per capita (current LCU),1962,1278.1285196777
49,GDP per capita (current US$),1962,2471.05511866341
50,GDP per capita growth (annual %),1962,0.49346877271384
51,"GDP per capita, PPP (constant 2021 international $)",1962,
52,GDP deflator: linked series (base year varies by country),1962,
53,"GDP per capita, PPP (current international $)",1962,
54,GDP per person employed (constant 2021 PPP $),1962,
55,GDP per unit of energy use (constant 2021 PPP $ per kg of oil equivalent),1962,
56,GDP per unit of energy use (PPP $ per kg of oil equivalent),1962,
57,"GDP, PPP (constant 2021 international $)",1962,
58,"GDP, PPP (current international $)",1962,
59,GDP: linked series (current LCU),1962,
60,GDP (constant 2015 US$),1963,47642420839.3588
61,GDP (constant LCU),1963,68318040423.1195
62,GDP (current LCU),1963,3465374441.29246
63,GDP (current US$),1963,6699741942.5399
64,GDP deflator (base year varies by country),1963,5.07241486996712
65,GDP growth (annual %),1963,6.10211735868668
66,GDP per capita (constant 2015 US$),1963,18817.6083574369
67,GDP per capita (constant LCU),1963,26983.9799443556
68,GDP per capita (current LCU),1963,1368.73941120644
69,GDP per capita (current US$),1963,2646.2366468678
70,GDP per capita growth (annual %),1963,4.01510991557798
71,"GDP per capita, PPP (constant 2021 international $)",1963,
72,GDP deflator: linked series (base year varies by country),1963,
73,"GDP per capita, PPP (current international $)",1963,
74,GDP per person employed (constant 2021 PPP $),1963,
75,GDP per unit of energy use (constant 2021 PPP $ per kg of oil equivalent),1963,
76,GDP per unit of energy use (PPP $ per kg of oil equivalent),1963,
77,"GDP, PPP (constant 2021 international $)",1963,
78,"GDP, PPP (current international $)",1963,
79,GDP: linked series (current LCU),1963,
80,GDP (constant 2015 US$),1964,50550173384.1066
81,GDP (constant LCU),1964,72487684878.4742
82,GDP (current LCU),1964,3796938100.26112
83,GDP (current US$),1964,7340766740.94114
84,GDP deflator (base year varies by country),1964,5.23804575442946
85,GDP growth (annual %),1964,6.10328462223231
86,GDP per capita (constant 2015 US$),1964,19552.1673180578
87,GDP per capita (constant LCU),1964,28037.3191299119
88,GDP per capita (current LCU),1964,1468.60760434019
89,GDP per capita (current US$),1964,2839.31567298721
90,GDP per capita growth (annual %),1964,3.90357237045242
91,"GDP per capita, PPP (constant 2021 international $)",1964,
92,GDP deflator: linked series (base year varies by country),1964,
93,"GDP per capita, PPP (current international $)",1964,
94,GDP per person employed (constant 2021 PPP $),1964,
95,GDP per unit of energy use (constant 2021 PPP $ per kg of oil equivalent),1964,
96,GDP per unit of energy use (PPP $ per kg of oil equivalent),1964,
97,"GDP, PPP (constant 2021 international $)",1964,
98,"GDP, PPP (current international $)",1964,
99,GDP: linked series (current LCU),1964,
100,GDP (constant 2015 US$),1965,53639664438.021
101,GDP (constant LCU),1965,76917937812.5111
102,GDP (current LCU),1965,4103901923.19014
103,GDP (current US$),1965,5706251653.54744
104,GDP deflator (base year varies by country),1965,5.33542895181808
105,GDP growth (annual %),1965,6.1117318637838
106,GDP per capita (constant 2015 US$),1965,20407.72501827
107,GDP per capita (constant LCU),1965,29264.1674830738
108,GDP per capita (current LCU),1965,1561.36886440045
109,GDP per capita (current US$),1965,2170.99819416658
110,GDP per capita growth (annual %),1965,4.37576912213767
111,"GDP per capita, PPP (constant 2021 international $)",1965,
112,GDP deflator: linked series (base year varies by country),1965,
113,"GDP per capita, PPP (current international $)",1965,
114,GDP per person employed (constant 2021 PPP $),1965,
115,GDP per unit of energy use (constant 2021 PPP $ per kg of oil equivalent),1965,
116,GDP per unit of energy use (PPP $ per kg of oil equivalent),1965,
117,"GDP, PPP (constant 2021 international $)",1965,
118,"GDP, PPP (current international $)",1965,
119,GDP: linked series (current LCU),1965,
120,GDP (constant 2015 US$),1966,56991318628.0069
121,GDP (constant LCU),1966,81724126129.5961
122,GDP (current LCU),1966,4255785843.81415
123,GDP (current US$),1966,5917437956.10272
124,GDP deflator (base year varies by country),1966,5.20750241742008
125,GDP growth (annual %),1966,6.24846226221013
126,GDP per capita (constant 2015 US$),1966,21298.0001599488
127,GDP per capita (constant LCU),1966,30540.7997793625
128,GDP per capita (current LCU),1966,1590.41288680973
129,GDP per capita (current US$),1966,2211.38232224774
130,GDP per capita growth (annual %),1966,4.36244187375951
131,"GDP per capita, PPP (constant 2021 international $)",1966,
132,GDP deflator: linked series (base year varies by country),1966,
133,"GDP per capita, PPP (current international $)",1966,
134,GDP per person employed (constant 2021 PPP $),1966,
135,GDP per unit of energy use (constant 2021 PPP $ per kg of oil equivalent),1966,
136,GDP per unit of energy use (PPP $ per kg of oil equivalent),1966,
137,"GDP, PPP (constant 2021 international $)",1966,
138,"GDP, PPP (current international $)",1966,
139,GDP: linked series (current LCU),1966,
140,GDP (constant 2015 US$),1967,54375745350.1016
141,GDP (constant LCU),1967,77973459438.4119
142,GDP (current LCU),1967,4413744997.25769
143,GDP (current US$),1967,6016017494.19619
144,GDP deflator (base year varies by country),1967,5.66057351956268
145,GDP growth (annual %),1967,-4.58942404013779
146,GDP per capita (constant 2015 US$),1967,19960.9945854049
147,GDP per capita (constant LCU),1967,28623.567210606
148,GDP per capita (current LCU),1967,1620.25806587779
149,GDP per capita (current US$),1967,2208.44223567277
150,GDP per capita growth (annual %),1967,-6.27761087662152
151,"GDP per capita, PPP (constant 2021 international $)",1967,
152,GDP deflator: linked series (base year varies by country),1967,
153,"GDP per capita, PPP (current international $)",1967,
154,GDP per person employed (constant 2021 PPP $),1967,
155,GDP per unit of energy use (constant 2021 PPP $ per kg of oil equivalent),1967,
156,GDP per unit of energy use (PPP $ per kg of oil equivalent),1967,
157,"GDP, PPP (constant 2021 international $)",1967,
158,"GDP, PPP (current international $)",1967,
159,GDP: linked series (current LCU),1967,
160,GDP (constant 2015 US$),1968,54349183598.5704
161,GDP (constant LCU),1968,77935370550.76
162,GDP (current LCU),1968,4667897231.53786
163,GDP (current US$),1968,5228045647.393
164,GDP deflator (base year varies by country),1968,5.98944638172679
165,GDP growth (annual %),1968,-0.0488485286227274
166,GDP per capita (constant 2015 US$),1968,19777.0036019688
167,GDP per capita (constant LCU),1968,28359.7287401332
168,GDP per capita (current LCU),1968,1698.59074689344
169,GDP per capita (current US$),1968,1902.4219087344
170,GDP per capita growth (annual %),1968,-0.921752584265917
171,"GDP per capita, PPP (constant 2021 international $)",1968,
172,GDP deflator: linked series (base year varies by country),1968,
173,"GDP per capita, PPP (current international $)",1968,
174,GDP per person employed (constant 2021 PPP $),1968,
175,GDP per unit of energy use (constant 2021 PPP $ per kg of oil equivalent),1968,
176,GDP per unit of energy use (PPP $ per kg of oil equivalent),1968,
177,"GDP, PPP (constant 2021 international $)",1968,
178,"GDP, PPP (current international $)",1968,
179,GDP: linked series (current LCU),1968,
180,GDP (constant 2015 US$),1969,59889904546.1412
181,GDP (constant LCU),1969,85880625871.5528
182,GDP (current LCU),1969,5191390298.83633
183,GDP (current US$),1969,5814357966.66154
184,GDP deflator (base year varies by country),1969,6.04489108707804
185,GDP growth (annual %),1969,10.194671898837
186,GDP per capita (constant 2015 US$),1969,21599.0711721513
187,GDP per capita (constant LCU),1969,30972.5280840857
188,GDP per capita (current LCU),1969,1872.25558959764
189,GDP per capita (current US$),1969,2096.92656039438
190,GDP per capita growth (annual %),1969,9.21306183107109
191,"GDP per capita, PPP (constant 2021 international $)",1969,
192,GDP deflator: linked series (base year varies by country),1969,
193,"GDP per capita, PPP (current international $)",1969,
194,GDP per person employed (constant 2021 PPP $),1969,
195,GDP per unit of energy use (constant 2021 PPP $ per kg of oil equivalent),1969,
196,GDP per unit of energy use (PPP $ per kg of oil equivalent),1969,
197,"GDP, PPP (constant 2021 international $)",1969,
198,"GDP, PPP (current international $)",1969,
199,GDP: linked series (current LCU),1969,
200,GDP (constant 2015 US$),1970,59052878688.7374
201,GDP (constant LCU),1970,84680351717.6822
202,GDP (current LCU),1970,5799926257.51073
203,GDP (current US$),1970,6495605619.34229
204,GDP deflator (base year varies by country),1970,6.84919953668501
205,GDP growth (annual %),1970,-1.3976075997231
206,GDP per capita (constant 2015 US$),1970,21010.0255056525
207,GDP per capita (constant LCU),1970,30127.851324468
208,GDP per capita (current LCU),1970,2063.51665332861
209,GDP per capita (current US$),1970,2311.02772239737
210,GDP per capita growth (annual %),1970,-2.72718054310749
211,"GDP per capita, PPP (constant 2021 international $)",1970,
212,GDP deflator: linked series (base year varies by country),1970,
213,"GDP per capita, PPP (current international $)",1970,
214,GDP per person employed (constant 2021 PPP $),1970,
215,GDP per unit of energy use (constant 2021 PPP $ per kg of oil equivalent),1970,
216,GDP per unit of energy use (PPP $ per kg of oil equivalent),1970,
217,"GDP, PPP (constant 2021 international $)",1970,
218,"GDP, PPP (current international $)",1970,
219,GDP: linked series (current LCU),1970,
220,GDP (constant 2015 US$),1971,61288300384.4348
221,GDP (constant LCU),1971,87885890543.7698
222,GDP (current LCU),1971,6855000000
223,GDP (current US$),1971,7911136757.06867
224,GDP deflator (base year varies by country),1971,7.79988682777926
225,GDP growth (annual %),1971,3.78545761922982
226,GDP per capita (constant 2015 US$),1971,21482.054113016
227,GDP per capita (constant LCU),1971,30804.7285467122
228,GDP per capita (current LCU),1971,2402.73396424816
229,GDP per capita (current US$),1971,2772.9185969396
230,GDP per capita growth (annual %),1971,2.24668269553776
231,"GDP per capita, PPP (constant 2021 international $)",1971,
232,GDP deflator: linked series (base year varies by country),1971,
233,"GDP per capita, PPP (current international $)",1971,
234,GDP per person employed (constant 2021 PPP $),1971,
235,GDP per unit of energy use (constant 2021 PPP $ per kg of oil equivalent),1971,
236,GDP per unit of energy use (PPP $ per kg of oil equivalent),1971,
237,"GDP, PPP (constant 2021 international $)",1971,
238,"GDP, PPP (current international $)",1971,
239,GDP: linked series (current LCU),1971,
240,GDP (constant 2015 US$),1972,64425714494.4285
241,GDP (constant LCU),1972,92384863942.148
242,GDP (current LCU),1972,7872000000
243,GDP (current US$),1972,9567331064.65727
244,GDP deflator (base year varies by country),1972,8.5208763255088
245,GDP growth (annual %),1972,5.11910770948786
246,GDP per capita (constant 2015 US$),1972,22185.9273716135
247,GDP per capita (constant LCU),1972,31814.0652027095
248,GDP per capita (current LCU),1972,2710.8371500396
249,GDP per capita (current US$),1972,3294.64894268304
250,GDP per capita growth (annual %),1972,3.27656403291053
251,"GDP per capita, PPP (constant 2021 international $)",1972,
252,GDP deflator: linked series (base year varies by country),1972,
253,"GDP per capita, PPP (current international $)",1972,
254,GDP per person employed (constant 2021 PPP $),1972,
255,GDP per unit of energy use (constant 2021 PPP $ per kg of oil equivalent),1972,
256,GDP per unit of energy use (PPP $ per kg of oil equivalent),1972,
257,"GDP, PPP (constant 2021 international $)",1972,
258,"GDP, PPP (current international $)",1972,
259,GDP: linked series (current LCU),1972,
260,GDP (constant 2015 US$),1973,69451099813.504
261,GDP (constant LCU),1973,99591140855.0693
262,GDP (current LCU),1973,9201000000
263,GDP (current US$),1973,12802281897.8712
264,GDP deflator (base year varies by country),1973,9.23877357062293
265,GDP growth (annual %),1973,7.80027875284195
266,GDP per capita (constant 2015 US$),1973,23452.9091323081
267,GDP per capita (constant LCU),1973,33630.8853730015
268,GDP per capita (current LCU),1973,3107.08134940735
269,GDP per capita (current US$),1973,4323.19653458655
270,GDP per capita growth (annual %),1973,5.71074510194094
271,"GDP per capita, PPP (constant 2021 international $)",1973,
272,GDP deflator: linked series (base year varies by country),1973,
273,"GDP per capita, PPP (current international $)",1973,
274,GDP per person employed (constant 2021 PPP $),1973,
275,GDP per unit of energy use (constant 2021 PPP $ per kg of oil equivalent),1973,
276,GDP per unit of energy use (PPP $ per kg of oil equivalent),1973,
277,"GDP, PPP (constant 2021 international $)",1973,
278,"GDP, PPP (current international $)",1973,
279,GDP: linked series (current LCU),1973,
280,GDP (constant 2015 US$),1974,73613610013.5644
281,GDP (constant LCU),1974,105560076419.201
282,GDP (current LCU),1974,10110000000
283,GDP (current US$),1974,13940981798.1247
284,GDP deflator (base year varies by country),1974,9.57748454051046
285,GDP growth (annual %),1974,5.99344029286503
286,GDP per capita (constant 2015 US$),1974,24345.5402366519
287,GDP per capita (constant LCU),1974,34910.8960608529
288,GDP per capita (current LCU),1974,3343.58567318186
289,GDP per capita (current US$),1974,4610.57042634013
290,GDP per capita growth (annual %),1974,3.80605706229495
291,"GDP per capita, PPP (constant 2021 international $)",1974,
292,GDP deflator: linked series (base year varies by country),1974,
293,"GDP per capita, PPP (current international $)",1974,
294,GDP per person employed (constant 2021 PPP $),1974,
295,GDP per unit of energy use (constant 2021 PPP $ per kg of oil equivalent),1974,
296,GDP per unit of energy use (PPP $ per kg of oil equivalent),1974,
297,"GDP, PPP (constant 2021 international $)",1974,
298,"GDP, PPP (current international $)",1974,
299,GDP: linked series (current LCU),1974,
300,GDP (constant 2015 US$),1975,72338855636.4812
301,GDP (constant LCU),1975,103732110511.323
302,GDP (current LCU),1975,11388000000
303,GDP (current US$),1975,12861983284.3912
304,GDP deflator (base year varies by country),1975,10.9782785136305
305,GDP growth (annual %),1975,-1.73168300922669
306,GDP per capita (constant 2015 US$),1975,23463.0260570469
307,GDP per capita (constant LCU),1975,33645.3927901537
308,GDP per capita (current LCU),1975,3693.68492750803
309,GDP per capita (current US$),1975,4171.76973967475
310,GDP per capita growth (annual %),1975,-3.62495213097166
311,"GDP per capita, PPP (constant 2021 international $)",1975,
312,GDP deflator: linked series (base year varies by country),1975,
313,"GDP per capita, PPP (current international $)",1975,
314,GDP per person employed (constant 2021 PPP $),1975,
315,GDP per unit of energy use (constant 2021 PPP $ per kg of oil equivalent),1975,
316,GDP per unit of energy use (PPP $ per kg of oil equivalent),1975,
317,"GDP, PPP (constant 2021 international $)",1975,
318,"GDP, PPP (current international $)",1975,
319,GDP: linked series (current LCU),1975,
320,GDP (constant 2015 US$),1976,73010748065.2006
321,GDP (constant LCU),1976,104695587456.796
322,GDP (current LCU),1976,13964000000
323,GDP (current US$),1976,13604832424.0062
324,GDP deflator (base year varies by country),1976,13.3377158858413
325,GDP growth (annual %),1976,0.928812631617902
326,GDP per capita (constant 2015 US$),1976,23472.3510899214
327,GDP per capita (constant LCU),1976,33658.7646541701
328,GDP per capita (current LCU),1976,4489.31040025719
329,GDP per capita (current US$),1976,4373.84099791231
330,GDP per capita growth (annual %),1976,0.0397435217942927
331,"GDP per capita, PPP (constant 2021 international $)",1976,
332,GDP deflator: linked series (base year varies by country),1976,
333,"GDP per capita, PPP (current international $)",1976,
334,GDP per person employed (constant 2021 PPP $),1976,
335,GDP per unit of energy use (constant 2021 PPP $ per kg of oil equivalent),1976,
336,GDP per unit of energy use (PPP $ per kg of oil equivalent),1976,
337,"GDP, PPP (constant 2021 international $)",1976,
338,"GDP, PPP (current international $)",1976,
339,GDP: linked series (current LCU),1976,
340,GDP (constant 2015 US$),1977,70136798061.3331
341,GDP (constant LCU),1977,100574415000
342,GDP (current LCU),1977,15643000000
343,GDP (current US$),1977,15446825318.4556
344,GDP deflator (base year varies by country),1977,15.5536574585097
345,GDP growth (annual %),1977,-3.93633825159696
346,GDP per capita (constant 2015 US$),1977,22478.3020515778
347,GDP per capita (constant LCU),1977,32233.3231844113
348,GDP per capita (current LCU),1977,5013.46067559772
349,GDP per capita (current US$),1977,4950.58820538927
350,GDP per capita growth (annual %),1977,-4.23497856919182
351,"GDP per capita, PPP (constant 2021 international $)",1977,
352,GDP deflator: linked series (base year varies by country),1977,
353,"GDP per capita, PPP (current international $)",1977,
354,GDP per person employed (constant 2021 PPP $),1977,
355,GDP per unit of energy use (constant 2021 PPP $ per kg of oil equivalent),1977,
356,GDP per unit of energy use (PPP $ per kg of oil equivalent),1977,
357,"GDP, PPP (constant 2021 international $)",1977,
358,"GDP, PPP (current international $)",1977,
359,GDP: linked series (current LCU),1977,
360,GDP (constant 2015 US$),1978,70360213392.8416
361,GDP (constant LCU),1978,100894787000
362,GDP (current LCU),1978,17730000000
363,GDP (current US$),1978,18530518394.6488
364,GDP deflator (base year varies by country),1978,17.5727612170885
365,GDP growth (annual %),1978,0.318542245560167
366,GDP per capita (constant 2015 US$),1978,22542.680184814
367,GDP per capita (constant LCU),1978,32325.6398180187
368,GDP per capita (current LCU),1978,5680.50749711649
369,GDP per capita (current US$),1978,5936.98526036423
370,GDP per capita growth (annual %),1978,0.286401228564912
371,"GDP per capita, PPP (constant 2021 international $)",1978,
372,GDP deflator: linked series (base year varies by country),1978,
373,"GDP per capita, PPP (current international $)",1978,
374,GDP per person employed (constant 2021 PPP $),1978,
375,GDP per unit of energy use (constant 2021 PPP $ per kg of oil equivalent),1978,
376,GDP per unit of energy use (PPP $ per kg of oil equivalent),1978,
377,"GDP, PPP (constant 2021 international $)",1978,
378,"GDP, PPP (current international $)",1978,
379,GDP: linked series (current LCU),1978,
380,GDP (constant 2015 US$),1979,71902247947.14
381,GDP (constant LCU),1979,103106026000
382,GDP (current LCU),1979,20696000000
383,GDP (current US$),1979,20731243113.2926
384,GDP deflator (base year varies by country),1979,20.072541637867
385,GDP growth (annual %),1979,2.19162859226809
386,GDP per capita (constant 2015 US$),1979,23127.1302499646
387,GDP per capita (constant LCU),1979,33163.726600193
388,GDP per capita (current LCU),1979,6656.80283049212
389,GDP per capita (current US$),1979,6668.1386662247
390,GDP per capita growth (annual %),1979,2.59263787783442
391,"GDP per capita, PPP (constant 2021 international $)",1979,
392,GDP deflator: linked series (base year varies by country),1979,
393,"GDP per capita, PPP (current international $)",1979,
394,GDP per person employed (constant 2021 PPP $),1979,
395,GDP per unit of energy use (constant 2021 PPP $ per kg of oil equivalent),1979,
396,GDP per unit of energy use (PPP $ per kg of oil equivalent),1979,
397,"GDP, PPP (constant 2021 international $)",1979,
398,"GDP, PPP (current international $)",1979,
399,GDP: linked series (current LCU),1979,
400,GDP (constant 2015 US$),1980,72825593891.1069
401,GDP (constant LCU),1980,104430081000
402,GDP (current LCU),1980,24086000000
403,GDP (current US$),1980,23244547384.6748
404,GDP deflator (base year varies by country),1980,23.0642356774577
405,GDP growth (annual %),1980,1.28416839574439
406,GDP per capita (constant 2015 US$),1980,23394.7746124536
407,GDP per capita (constant LCU),1980,33547.5219248932
408,GDP per capita (current LCU),1980,7737.47952070417
409,GDP per capita (current US$),1980,7467.16803773805
410,GDP per capita growth (annual %),1980,1.15727442011287
411,"GDP per capita, PPP (constant 2021 international $)",1980,
412,GDP deflator: linked series (base year varies by country),1980,
413,"GDP per capita, PPP (current international $)",1980,
414,GDP per person employed (constant 2021 PPP $),1980,
415,GDP per unit of energy use (constant 2021 PPP $ per kg of oil equivalent),1980,
416,GDP per unit of energy use (PPP $ per kg of oil equivalent),1980,
417,"GDP, PPP (constant 2021 international $)",1980,
418,"GDP, PPP (current international $)",1980,
419,GDP: linked series (current LCU),1980,
420,GDP (constant 2015 US$),1981,76215882424.7285
421,GDP (constant LCU),1981,109291670000
422,GDP (current LCU),1981,29328000000
423,GDP (current US$),1981,24417617184.2478
424,GDP deflator (base year varies by country),1981,26.8346160324936
425,GDP growth (annual %),1981,4.65535308739251
426,GDP per capita (constant 2015 US$),1981,24389.8628515244
427,GDP per capita (constant LCU),1981,34974.4535825146
428,GDP per capita (current LCU),1981,9385.26032833051
429,GDP per capita (current US$),1981,7813.88754336067
430,GDP per capita growth (annual %),1981,4.25346367107558
431,"GDP per capita, PPP (constant 2021 international $)",1981,
432,GDP deflator: linked series (base year varies by country),1981,
433,"GDP per capita, PPP (current international $)",1981,
434,GDP per person employed (constant 2021 PPP $),1981,
435,GDP per unit of energy use (constant 2021 PPP $ per kg of oil equivalent),1981,
436,GDP per unit of energy use (PPP $ per kg of oil equivalent),1981,
437,"GDP, PPP (constant 2021 international $)",1981,
438,"GDP, PPP (current international $)",1981,
439,GDP: linked series (current LCU),1981,
440,GDP (constant 2015 US$),1982,76924405934.5526
441,GDP (constant LCU),1982,110307675000
442,GDP (current LCU),1982,33178000000
443,GDP (current US$),1982,24164603058.9949
444,GDP deflator (base year varies by country),1982,30.0776895170712
445,GDP growth (annual %),1982,0.929627116137951
446,GDP per capita (constant 2015 US$),1982,24373.2473415141
447,GDP per capita (constant LCU),1982,34950.6273565476
448,GDP per capita (current LCU),1982,10512.341180571
449,GDP per capita (current US$),1982,7656.47573238963
450,GDP per capita growth (annual %),1982,-0.0681246553596253
451,"GDP per capita, PPP (constant 2021 international $)",1982,
452,GDP deflator: linked series (base year varies by country),1982,
453,"GDP per capita, PPP (current international $)",1982,
454,GDP per person employed (constant 2021 PPP $),1982,
455,GDP per unit of energy use (constant 2021 PPP $ per kg of oil equivalent),1982,
456,GDP per unit of energy use (PPP $ per kg of oil equivalent),1982,
457,"GDP, PPP (constant 2021 international $)",1982,
458,"GDP, PPP (current international $)",1982,
459,GDP: linked series (current LCU),1982,
460,GDP (constant 2015 US$),1983,79610077581.5478
461,GDP (constant LCU),1983,114158861000
462,GDP (current LCU),1983,36989000000
463,GDP (current US$),1983,24309279705.5731
464,GDP deflator (base year varies by country),1983,32.4013393931812
465,GDP growth (annual %),1983,3.49131282116136
466,GDP per capita (constant 2015 US$),1983,24883.5925300997
467,GDP per capita (constant LCU),1983,35682.4495983496
468,GDP per capita (current LCU),1983,11561.5915981621
469,GDP per capita (current US$),1983,7598.31203875006
470,GDP per capita growth (annual %),1983,2.09387440842291
471,"GDP per capita, PPP (constant 2021 international $)",1983,
472,GDP deflator: linked series (base year varies by country),1983,
473,"GDP per capita, PPP (current international $)",1983,
474,GDP per person employed (constant 2021 PPP $),1983,
475,GDP per unit of energy use (constant 2021 PPP $ per kg of oil equivalent),1983,
476,GDP per unit of energy use (PPP $ per kg of oil equivalent),1983,
477,"GDP, PPP (constant 2021 international $)",1983,
478,"GDP, PPP (current international $)",1983,
479,GDP: linked series (current LCU),1983,
480,GDP (constant 2015 US$),1984,83426105754.9818
481,GDP (constant LCU),1984,119630950000
482,GDP (current LCU),1984,41785000000
483,GDP (current US$),1984,21665975318.8842
484,GDP deflator (base year varies by country),1984,34.9282522624789
485,GDP growth (annual %),1984,4.79339838543062
486,GDP per capita (constant 2015 US$),1984,25851.7262418214
487,GDP per capita (constant LCU),1984,37070.7291376158
488,GDP per capita (current LCU),1984,12948.1577887267
489,GDP per capita (current US$),1984,6713.76013104154
490,GDP per capita growth (annual %),1984,3.89065087989471
491,"GDP per capita, PPP (constant 2021 international $)",1984,
492,GDP deflator: linked series (base year varies by country),1984,
493,"GDP per capita, PPP (current international $)",1984,
494,GDP per person employed (constant 2021 PPP $),1984,
495,GDP per unit of energy use (constant 2021 PPP $ per kg of oil equivalent),1984,
496,GDP per unit of energy use (PPP $ per kg of oil equivalent),1984,
497,"GDP, PPP (constant 2021 international $)",1984,
498,"GDP, PPP (current international $)",1984,
499,GDP: linked series (current LCU),1984,
500,GDP (constant 2015 US$),1985,84773628550.0096
501,GDP (constant LCU),1985,121563264000
502,GDP (current LCU),1985,48249000000
503,GDP (current US$),1985,24679795396.4194
504,GDP deflator (base year varies by country),1985,39.6904446395911
505,GDP growth (annual %),1985,1.61522916937464
506,GDP per capita (constant 2015 US$),1985,26107.4893135443
507,GDP per capita (constant LCU),1985,37437.4869883896
508,GDP per capita (current LCU),1985,14859.1050475809
509,GDP per capita (current US$),1985,7600.56524172937
510,GDP per capita growth (annual %),1985,0.989346201992205
511,"GDP per capita, PPP (constant 2021 international $)",1985,
512,GDP deflator: linked series (base year varies by country),1985,
513,"GDP per capita, PPP (current international $)",1985,
514,GDP per person employed (constant 2021 PPP $),1985,
515,GDP per unit of energy use (constant 2021 PPP $ per kg of oil equivalent),1985,
516,GDP per unit of energy use (PPP $ per kg of oil equivalent),1985,
517,"GDP, PPP (constant 2021 international $)",1985,
518,"GDP, PPP (current international $)",1985,
519,GDP: linked series (current LCU),1985,
520,GDP (constant 2015 US$),1986,87067151100.9606
521,GDP (constant LCU),1986,124852118000
522,GDP (current LCU),1986,57953000000
523,GDP (current US$),1986,30604668356.5695
524,GDP deflator (base year varies by country),1986,46.4173142821654
525,GDP growth (annual %),1986,2.70546700687471
526,GDP per capita (constant 2015 US$),1986,26820.4266706591
527,GDP per capita (constant LCU),1986,38459.8213350584
528,GDP per capita (current LCU),1986,17852.0161414533
529,GDP per capita (current US$),1986,9427.55394035348
530,GDP per capita growth (annual %),1986,2.73077716724359
531,"GDP per capita, PPP (constant 2021 international $)",1986,
532,GDP deflator: linked series (base year varies by country),1986,
533,"GDP per capita, PPP (current international $)",1986,
534,GDP per person employed (constant 2021 PPP $),1986,
535,GDP per unit of energy use (constant 2021 PPP $ per kg of oil equivalent),1986,
536,GDP per unit of energy use (PPP $ per kg of oil equivalent),1986,
537,"GDP, PPP (constant 2021 international $)",1986,
538,"GDP, PPP (current international $)",1986,
539,GDP: linked series (current LCU),1986,
540,GDP (constant 2015 US$),1987,87913160968.6361
541,GDP (constant LCU),1987,126065275000
542,GDP (current LCU),1987,65228000000
543,GDP (current US$),1987,40376354069.9474
544,GDP deflator (base year varies by country),1987,51.741449023135
545,GDP growth (annual %),1987,0.97167514611165
546,GDP per capita (constant 2015 US$),1987,26848.632106229
547,GDP per capita (constant LCU),1987,38500.2672245297
548,GDP per capita (current LCU),1987,19920.5961397508
549,GDP per capita (current US$),1987,12330.9168305483
550,GDP per capita growth (annual %),1987,0.105164007702868
551,"GDP per capita, PPP (constant 2021 international $)",1987,
552,GDP deflator: linked series (base year varies by country),1987,
553,"GDP per capita, PPP (current international $)",1987,
554,GDP per person employed (constant 2021 PPP $),1987,
555,GDP per unit of energy use (constant 2021 PPP $ per kg of oil equivalent),1987,
556,GDP per unit of energy use (PPP $ per kg of oil equivalent),1987,
557,"GDP, PPP (constant 2021 international $)",1987,
558,"GDP, PPP (current international $)",1987,
559,GDP: linked series (current LCU),1987,
560,GDP (constant 2015 US$),1988,87601472829.0242
561,GDP (constant LCU),1988,125618322000
562,GDP (current LCU),1988,70137000000
563,GDP (current US$),1988,45176811594.2029
564,GDP deflator (base year varies by country),1988,55.833415765576
565,GDP growth (annual %),1988,-0.35454093127548
566,GDP per capita (constant 2015 US$),1988,26680.1098949334
567,GDP per capita (constant LCU),1988,38258.6105865871
568,GDP per capita (current LCU),1988,21361.0891149418
569,GDP per capita (current US$),1988,13759.1556295922
570,GDP per capita growth (annual %),1988,-0.627675222442718
571,"GDP per capita, PPP (constant 2021 international $)",1988,
572,GDP deflator: linked series (base year varies by country),1988,
573,"GDP per capita, PPP (current international $)",1988,
574,GDP per person employed (constant 2021 PPP $),1988,
575,GDP per unit of energy use (constant 2021 PPP $ per kg of oil equivalent),1988,
576,GDP per unit of energy use (PPP $ per kg of oil equivalent),1988,
577,"GDP, PPP (constant 2021 international $)",1988,
578,"GDP, PPP (current international $)",1988,
579,GDP: linked series (current LCU),1988,
580,GDP (constant 2015 US$),1989,87742865112.7112
581,GDP (constant LCU),1989,125821075000
582,GDP (current LCU),1989,74212000000
583,GDP (current US$),1989,43920222524.7085
584,GDP deflator (base year varies by country),1989,58.9821697199774
585,GDP growth (annual %),1989,0.161404002833294
586,GDP per capita (constant 2015 US$),1989,26595.1943236879
587,GDP per capita (constant LCU),1989,38136.8437803104
588,GDP per capita (current LCU),1989,22493.9379243453
589,GDP per capita (current US$),1989,13312.3855858113
590,GDP per capita growth (annual %),1989,-0.318272944076497
591,"GDP per capita, PPP (constant 2021 international $)",1989,
592,GDP deflator: linked series (base year varies by country),1989,
593,"GDP per capita, PPP (current international $)",1989,
594,GDP per person employed (constant 2021 PPP $),1989,
595,GDP per unit of energy use (constant 2021 PPP $ per kg of oil equivalent),1989,
596,GDP per unit of energy use (PPP $ per kg of oil equivalent),1989,
597,"GDP, PPP (constant 2021 international $)",1989,
598,"GDP, PPP (current international $)",1989,
599,GDP: linked series (current LCU),1989,
600,GDP (constant 2015 US$),1990,87877226590.4217
601,GDP (constant LCU),1990,126013746000
602,GDP (current LCU),1990,76127000000
603,GDP (current US$),1990,45495129385.0475
604,GDP deflator (base year varies by country),1990,60.4116633434578
605,GDP growth (annual %),1990,0.153130944080715
606,GDP per capita (constant 2015 US$),1990,26391.1425882701
607,GDP per capita (constant LCU),1990,37844.2386930146
608,GDP per capita (current LCU),1990,22862.3340741186
609,GDP per capita (current US$),1990,13663.0216184298
610,GDP per capita growth (annual %),1990,-0.767250402213023
611,"GDP per capita, PPP (constant 2021 international $)",1990,30696.2638804177
612,GDP deflator: linked series (base year varies by country),1990,60.4116633434578
613,"GDP per capita, PPP (current international $)",1990,14871.4551034056
614,GDP per person employed (constant 2021 PPP $),1990,
615,GDP per unit of energy use (constant 2021 PPP $ per kg of oil equivalent),1990,7.96402408528597
616,GDP per unit of energy use (PPP $ per kg of oil equivalent),1990,3.85834012530516
617,"GDP, PPP (constant 2021 international $)",1990,102212419469.015
618,"GDP, PPP (current international $)",1990,49518971203.32
619,GDP: linked series (current LCU),1990,76127000000
620,GDP (constant 2015 US$),1991,86918728011.2973
621,GDP (constant LCU),1991,124639283000.0
622,GDP (current LCU),1991,75967000000.0
623,GDP (current US$),1991,42745329732.163
624,GDP deflator (base year varies by country),1991,60.949484120508
625,GDP growth (annual %),1991,-1.0907246579274
626,GDP per capita (constant 2015 US$),1991,24868.7385228741
627,GDP per capita (constant LCU),1991,35661.1493233384
628,GDP per capita (current LCU),1991,21735.2865440188
629,GDP per capita (current US$),1991,12230.0734548834
630,GDP per capita growth (annual %),1991,-5.76861748332426
631,"GDP per capita, PPP (constant 2021 international $)",1991,28925.5138354846
632,GDP deflator: linked series (base year varies by country),1991,60.949484120508
633,"GDP per capita, PPP (current international $)",1991,14560.4500543414
634,GDP per person employed (constant 2021 PPP $),1991,66420.2706979699
635,GDP per unit of energy use (constant 2021 PPP $ per kg of oil equivalent),1991,7.6851592885638
636,GDP per unit of energy use (PPP $ per kg of oil equivalent),1991,3.86853552947148
637,"GDP, PPP (constant 2021 international $)",1991,101097563406.402
638,"GDP, PPP (current international $)",1991,50890228984.9286
639,GDP: linked series (current LCU),1991,75967000000.0
640,GDP (constant 2015 US$),1992,87869415436.1129
641,GDP (constant LCU),1992,126002545000.0
642,GDP (current LCU),1992,78335000000.0
643,GDP (current US$),1992,41649829859.6342
644,GDP deflator (base year varies by country),1992,62.1693791978567
645,GDP growth (annual %),1992,1.09376591969001
646,GDP per capita (constant 2015 US$),1992,24880.2037081612
647,GDP per capita (constant LCU),1992,35677.5901124105
648,GDP per capita (current LCU),1992,22180.5362856415
649,GDP per capita (current US$),1992,11793.1392416214
650,GDP per capita growth (annual %),1992,0.046102802024123
651,"GDP per capita, PPP (constant 2021 international $)",1992,28938.8493078627
652,GDP deflator: linked series (base year varies by country),1992,62.1693791978567
653,"GDP per capita, PPP (current international $)",1992,14937.4543136692
654,GDP per person employed (constant 2021 PPP $),1992,66908.148387598
655,GDP per unit of energy use (constant 2021 PPP $ per kg of oil equivalent),1992,7.59853548586763
656,GDP per unit of energy use (PPP $ per kg of oil equivalent),1992,3.92215929055974
657,"GDP, PPP (constant 2021 international $)",1992,102203334100.579
658,"GDP, PPP (current international $)",1992,52754607399.5854
659,GDP: linked series (current LCU),1992,78335000000.0
660,GDP (constant 2015 US$),1993,93486046130.5113
661,GDP (constant LCU),1993,134056653000.0
662,GDP (current LCU),1993,84575000000.0
663,GDP (current US$),1993,46775620817.4327
664,GDP deflator (base year varies by country),1993,63.0889986489518
665,GDP growth (annual %),1993,6.39202009768928
666,GDP per capita (constant 2015 US$),1993,26170.4401014812
667,GDP per capita (constant LCU),1993,37527.7568445216
668,GDP per capita (current LCU),1993,23675.8860086221
669,GDP per capita (current US$),1993,13094.3454502639
670,GDP per capita growth (annual %),1993,5.18579513437356
671,"GDP per capita, PPP (constant 2021 international $)",1993,30439.5587472135
672,GDP deflator: linked series (base year varies by country),1993,63.0889986489518
673,"GDP per capita, PPP (current international $)",1993,15964.2562442835
674,GDP per person employed (constant 2021 PPP $),1993,69790.2379823895
675,GDP per unit of energy use (constant 2021 PPP $ per kg of oil equivalent),1993,7.67150850935098
676,GDP per unit of energy use (PPP $ per kg of oil equivalent),1993,4.02338051745549
677,"GDP, PPP (constant 2021 international $)",1993,108736191756.796
678,"GDP, PPP (current international $)",1993,57027516155.8296
679,GDP: linked series (current LCU),1993,84575000000.0
680,GDP (constant 2015 US$),1994,98271508917.5195
681,GDP (constant LCU),1994,140918887000.0
682,GDP (current LCU),1994,90600000000.0
683,GDP (current US$),1994,55314732279.1379
684,GDP deflator (base year varies by country),1994,64.2923045510571
685,GDP growth (annual %),1994,5.11890595985565
686,GDP per capita (constant 2015 US$),1994,27146.8256678231
687,GDP per capita (constant LCU),1994,38927.8693370166
688,GDP per capita (current LCU),1994,25027.6243093923
689,GDP per capita (current US$),1994,15280.3127842922
690,GDP per capita growth (annual %),1994,3.73087178723654
691,"GDP per capita, PPP (constant 2021 international $)",1994,31575.2196566726
692,GDP deflator: linked series (base year varies by country),1994,64.2923045510571
693,"GDP per capita, PPP (current international $)",1994,17111.1505208986
694,GDP per person employed (constant 2021 PPP $),1994,70338.5753845497
695,GDP per unit of energy use (constant 2021 PPP $ per kg of oil equivalent),1994,7.78635217863991
696,GDP per unit of energy use (PPP $ per kg of oil equivalent),1994,4.21955715862387
697,"GDP, PPP (constant 2021 international $)",1994,114302295157.155
698,"GDP, PPP (current international $)",1994,61942364885.6528
699,GDP: linked series (current LCU),1994,90600000000.0
700,GDP (constant 2015 US$),1995,102912455238.062
701,GDP (constant LCU),1995,147573888000.0
702,GDP (current LCU),1995,96236000000.0
703,GDP (current US$),1995,63918703506.9075
704,GDP deflator (base year varies by country),1995,65.2120787113775
705,GDP growth (annual %),1995,4.72257561898002
706,GDP per capita (constant 2015 US$),1995,28015.5864425497
707,GDP per capita (constant LCU),1995,40173.6505689552
708,GDP per capita (current LCU),1995,26198.0726302608
709,GDP per capita (current US$),1995,17400.4201848172
710,GDP per capita growth (annual %),1995,3.200229689309
711,"GDP per capita, PPP (constant 2021 international $)",1995,32585.6992105899
712,GDP deflator: linked series (base year varies by country),1995,65.2120787113774
713,"GDP per capita, PPP (current international $)",1995,17885.3537056542
714,GDP per person employed (constant 2021 PPP $),1995,70407.5140448108
715,GDP per unit of energy use (constant 2021 PPP $ per kg of oil equivalent),1995,8.03852650226754
716,GDP per unit of energy use (PPP $ per kg of oil equivalent),1995,4.41211615059058
717,"GDP, PPP (constant 2021 international $)",1995,119700307480.181
718,"GDP, PPP (current international $)",1995,65700058302.3503
719,GDP: linked series (current LCU),1995,96236000000.0
720,GDP (constant 2015 US$),1996,106628492825.886
721,GDP (constant LCU),1996,152902593000.0
722,GDP (current LCU),1996,101101000000.0
723,GDP (current US$),1996,70140835299.0148
724,GDP deflator (base year varies by country),1996,66.1211808226169
725,GDP growth (annual %),1996,3.61087254135366
726,GDP per capita (constant 2015 US$),1996,28571.4075096158
727,GDP per capita (constant LCU),1996,40970.6840836013
728,GDP per capita (current LCU),1996,27090.3001071811
729,GDP per capita (current US$),1996,18794.436039393
730,GDP per capita growth (annual %),1996,1.98397084496476
731,"GDP per capita, PPP (constant 2021 international $)",1996,33232.189982556
732,GDP deflator: linked series (base year varies by country),1996,66.1211808226169
733,"GDP per capita, PPP (current international $)",1996,18441.6345459801
734,GDP per person employed (constant 2021 PPP $),1996,70719.406734856
735,GDP per unit of energy use (constant 2021 PPP $ per kg of oil equivalent),1996,8.04412705847802
736,GDP per unit of energy use (PPP $ per kg of oil equivalent),1996,4.46395051098802
737,"GDP, PPP (constant 2021 international $)",1996,124022533014.899
738,"GDP, PPP (current international $)",1996,68824180125.5978
739,GDP: linked series (current LCU),1996,101101000000.0
740,GDP (constant 2015 US$),1997,108845461043.603
741,GDP (constant LCU),1997,156081670000.0
742,GDP (current LCU),1997,104815000000.0
743,GDP (current US$),1997,66075143415.4952
744,GDP deflator (base year varies by country),1997,67.1539457516055
745,GDP growth (annual %),1997,2.0791517904474
746,GDP per capita (constant 2015 US$),1997,28785.1958436523
747,GDP per capita (constant LCU),1997,41277.2512099014
748,GDP per capita (current LCU),1997,27719.3028852511
749,GDP per capita (current US$),1997,17474.187029724
750,GDP per capita growth (annual %),1997,0.748259720717655
751,"GDP per capita, PPP (constant 2021 international $)",1997,33480.8530745078
752,GDP deflator: linked series (base year varies by country),1997,67.1539457516055
753,"GDP per capita, PPP (current international $)",1997,19127.3004126074
754,GDP per person employed (constant 2021 PPP $),1997,71815.8115485336
755,GDP per unit of energy use (constant 2021 PPP $ per kg of oil equivalent),1997,7.86164949760333
756,GDP per unit of energy use (PPP $ per kg of oil equivalent),1997,4.49128734398276
757,"GDP, PPP (constant 2021 international $)",1997,126601149730.636
758,"GDP, PPP (current international $)",1997,72326061050.1925
759,GDP: linked series (current LCU),1997,104815000000.0
760,GDP (constant 2015 US$),1998,109780524765.076
761,GDP (constant LCU),1998,157422528000.0
762,GDP (current LCU),1998,106826000000.0
763,GDP (current US$),1998,56227169851.0448
764,GDP deflator (base year varies by country),1998,67.8594108207943
765,GDP growth (annual %),1998,0.85907461138774
766,GDP per capita (constant 2015 US$),1998,28776.0222188928
767,GDP per capita (constant LCU),1998,41264.0964613368
768,GDP per capita (current LCU),1998,28001.5727391874
769,GDP per capita (current US$),1998,14738.4455703918
770,GDP per capita growth (annual %),1998,-0.031869245598827
771,"GDP per capita, PPP (constant 2021 international $)",1998,33470.1829792129
772,GDP deflator: linked series (base year varies by country),1998,67.8594108207943
773,"GDP per capita, PPP (current international $)",1998,19319.9835645765
774,GDP per person employed (constant 2021 PPP $),1998,72899.5559219108
775,GDP per unit of energy use (constant 2021 PPP $ per kg of oil equivalent),1998,8.04017166213098
776,GDP per unit of energy use (PPP $ per kg of oil equivalent),1998,4.64102584874476
777,"GDP, PPP (constant 2021 international $)",1998,127688748065.697
778,"GDP, PPP (current international $)",1998,73705737298.8592
779,GDP: linked series (current LCU),1998,106826000000.0
780,GDP (constant 2015 US$),1999,115682283163.932
781,GDP (constant LCU),1999,165885502000.0
782,GDP (current LCU),1999,113229000000.0
783,GDP (current US$),1999,58762260625.8758
784,GDP deflator (base year varies by country),1999,68.2573212455902
785,GDP growth (annual %),1999,5.37596118390373
786,GDP per capita (constant 2015 US$),1999,30164.0852034973
787,GDP per capita (constant LCU),1999,43254.544079685
788,GDP per capita (current LCU),1999,29524.393105786
789,GDP per capita (current US$),1999,15322.2238340267
790,GDP per capita growth (annual %),1999,4.82367915219754
791,"GDP per capita, PPP (constant 2021 international $)",1999,35084.6772177836
792,GDP deflator: linked series (base year varies by country),1999,68.2573212455902
793,"GDP per capita, PPP (current international $)",1999,20579.365916514
794,GDP per person employed (constant 2021 PPP $),1999,75673.3787407206
795,GDP per unit of energy use (constant 2021 PPP $ per kg of oil equivalent),1999,8.14420700869867
796,GDP per unit of energy use (PPP $ per kg of oil equivalent),1999,4.77708872997396
797,"GDP, PPP (constant 2021 international $)",1999,134553245597.922
798,"GDP, PPP (current international $)",1999,78923926226.423
799,GDP: linked series (current LCU),1999,113229000000.0
800,GDP (constant 2015 US$),2000,119003047472.934
801,GDP (constant LCU),2000,170647395000.0
802,GDP (current LCU),2000,119839000000.0
803,GDP (current US$),2000,52623281956.7031
804,GDP deflator (base year varies by country),2000,70.2260939875467
805,GDP growth (annual %),2000,2.87059022192307
806,GDP per capita (constant 2015 US$),2000,30848.1860883256
807,GDP per capita (constant LCU),2000,44235.5276460067
808,GDP per capita (current LCU),2000,31064.8832205718
809,GDP per capita (current US$),2000,13641.1027183822
810,GDP per capita growth (annual %),2000,2.26793181431869
811,"GDP per capita, PPP (constant 2021 international $)",2000,35880.3737743567
812,GDP deflator: linked series (base year varies by country),2000,70.2260939875466
813,"GDP per capita, PPP (current international $)",2000,21500.6292898099
814,GDP per person employed (constant 2021 PPP $),2000,76410.8415496036
815,GDP per unit of energy use (constant 2021 PPP $ per kg of oil equivalent),2000,8.0989906029222
816,GDP per unit of energy use (PPP $ per kg of oil equivalent),2000,4.85316556817855
817,"GDP, PPP (constant 2021 international $)",2000,138415717909.336
818,"GDP, PPP (current international $)",2000,82942977611.2998
819,GDP: linked series (current LCU),2000,119839000000.0
820,GDP (constant 2015 US$),2001,123062801652.748
821,GDP (constant LCU),2001,176468981000.0
822,GDP (current LCU),2001,128712000000.0
823,GDP (current US$),2001,53872425916.6248
824,GDP deflator (base year varies by country),2001,72.9374642901123
825,GDP growth (annual %),2001,3.41147076988781
826,GDP per capita (constant 2015 US$),2001,31713.1301772319
827,GDP per capita (constant LCU),2001,45475.8358458961
828,GDP per capita (current LCU),2001,33168.9215307306
829,GDP per capita (current US$),2001,13882.8568268586
830,GDP per capita growth (annual %),2001,2.80387341553825
831,"GDP per capita, PPP (constant 2021 international $)",2001,36886.4140360116
832,GDP deflator: linked series (base year varies by country),2001,72.9374642901122
833,"GDP per capita, PPP (current international $)",2001,22521.0409382492
834,GDP per person employed (constant 2021 PPP $),2001,77119.3778126839
835,GDP per unit of energy use (constant 2021 PPP $ per kg of oil equivalent),2001,8.36878486501324
836,GDP per unit of energy use (PPP $ per kg of oil equivalent),2001,5.10957086705038
837,"GDP, PPP (constant 2021 international $)",2001,143137729666.743
838,"GDP, PPP (current international $)",2001,87392899360.8759
839,GDP: linked series (current LCU),2001,128712000000.0
840,GDP (constant 2015 US$),2002,128863789117.662
841,GDP (constant LCU),2002,184787452000.0
842,GDP (current LCU),2002,135181000000.0
843,GDP (current US$),2002,66627729311.4495
844,GDP deflator (base year varies by country),2002,73.1548590214881
845,GDP growth (annual %),2002,4.71384316544561
846,GDP per capita (constant 2015 US$),2002,32636.1375503767
847,GDP per capita (constant LCU),2002,46799.4053438014
848,GDP per capita (current LCU),2002,34236.0390021527
849,GDP per capita (current US$),2002,16874.1874918196
850,GDP per capita growth (annual %),2002,2.91048965518847
851,"GDP per capita, PPP (constant 2021 international $)",2002,37959.9893006998
852,GDP deflator: linked series (base year varies by country),2002,73.1548590214881
853,"GDP per capita, PPP (current international $)",2002,23306.2795376277
854,GDP per person employed (constant 2021 PPP $),2002,78162.0424880088
855,GDP per unit of energy use (constant 2021 PPP $ per kg of oil equivalent),2002,8.75182361530664
856,GDP per unit of energy use (PPP $ per kg of oil equivalent),2002,5.37335366526535
857,"GDP, PPP (constant 2021 international $)",2002,149885017753.813
858,"GDP, PPP (current international $)",2002,92024844754.3231
859,GDP: linked series (current LCU),2002,135181000000.0
860,GDP (constant 2015 US$),2003,134957716138.705
861,GDP (constant LCU),2003,193525991000.0
862,GDP (current LCU),2003,144502000000.0
863,GDP (current US$),2003,88250885550.2626
864,GDP deflator (base year varies by country),2003,74.668006738175
865,GDP growth (annual %),2003,4.72896774397864
866,GDP per capita (constant 2015 US$),2003,33511.5504913352
867,GDP per capita (constant LCU),2003,48054.7256158125
868,GDP per capita (current LCU),2003,35881.5057608264
869,GDP per capita (current US$),2003,21913.7081719961
870,GDP per capita growth (annual %),2003,2.68234235625238
871,"GDP per capita, PPP (constant 2021 international $)",2003,38978.2061721413
872,GDP deflator: linked series (base year varies by country),2003,74.668006738175
873,"GDP per capita, PPP (current international $)",2003,23987.3688944924
874,GDP per person employed (constant 2021 PPP $),2003,79799.0101679613
875,GDP per unit of energy use (constant 2021 PPP $ per kg of oil equivalent),2003,9.28584504742495
876,GDP per unit of energy use (PPP $ per kg of oil equivalent),2003,5.71455211832907
877,"GDP, PPP (constant 2021 international $)",2003,156973031896.447
878,"GDP, PPP (current international $)",2003,96601932011.8996
879,GDP: linked series (current LCU),2003,144502000000.0
880,GDP (constant 2015 US$),2004,140475137990.551
881,GDP (constant LCU),2004,201437836000.0
882,GDP (current LCU),2004,154559000000.0
883,GDP (current US$),2004,103905210084.034
884,GDP deflator (base year varies by country),2004,76.7278893921398
885,GDP growth (annual %),2004,4.08825964880346
886,GDP per capita (constant 2015 US$),2004,34367.0062362204
887,GDP per capita (constant LCU),2004,49281.4277675841
888,GDP per capita (current LCU),2004,37812.5993883792
889,GDP per capita (current US$),2004,25420.234882944
890,GDP per capita growth (annual %),2004,2.55271908444313
891,"GDP per capita, PPP (constant 2021 international $)",2004,39973.2102798711
892,GDP deflator: linked series (base year varies by country),2004,76.7278893921398
893,"GDP per capita, PPP (current international $)",2004,25096.6858778485
894,GDP per person employed (constant 2021 PPP $),2004,80192.2059925679
895,GDP per unit of energy use (constant 2021 PPP $ per kg of oil equivalent),2004,9.42843167665115
896,GDP per unit of energy use (PPP $ per kg of oil equivalent),2004,5.91952426269911
897,"GDP, PPP (constant 2021 international $)",2004,163390497018.973
898,"GDP, PPP (current international $)",2004,102582703525.706
899,GDP: linked series (current LCU),2004,154559000000.0
900,GDP (constant 2015 US$),2005,145185608535.714
901,GDP (constant LCU),2005,208192533000.0
902,GDP (current LCU),2005,162937000000.0
903,GDP (current US$),2005,114720129550.095
904,GDP deflator (base year varies by country),2005,78.2626531567297
905,GDP growth (annual %),2005,3.35324144367794
906,GDP per capita (constant 2015 US$),2005,35120.7355126427
907,GDP per capita (constant LCU),2005,50362.2567067418
908,GDP per capita (current LCU),2005,39414.8382882992
909,GDP per capita (current US$),2005,27751.0654708859
910,GDP per capita growth (annual %),2005,2.19317700017744
911,"GDP per capita, PPP (constant 2021 international $)",2005,40849.8935339618
912,GDP deflator: linked series (base year varies by country),2005,78.2626531567297
913,"GDP per capita, PPP (current international $)",2005,25677.4190803252
914,GDP per person employed (constant 2021 PPP $),2005,80544.9695004232
915,GDP per unit of energy use (constant 2021 PPP $ per kg of oil equivalent),2005,9.97520542844365
916,GDP per unit of energy use (PPP $ per kg of oil equivalent),2005,6.27021291954004
917,"GDP, PPP (constant 2021 international $)",2005,168869374880.045
918,"GDP, PPP (current international $)",2005,106147882736.156
919,GDP: linked series (current LCU),2005,162937000000.0
920,GDP (constant 2015 US$),2006,149221146114.821
921,GDP (constant LCU),2006,213979393000.0
922,GDP (current LCU),2006,172004000000.0
923,GDP (current US$),2006,111538810712.665
924,GDP deflator (base year varies by country),2006,80.3834414092389
925,GDP growth (annual %),2006,2.77957134994847
926,GDP per capita (constant 2015 US$),2006,35659.59616566
927,GDP per capita (constant LCU),2006,51134.9694116523
928,GDP per capita (current LCU),2006,41104.0481766477
929,GDP per capita (current US$),2006,26654.5932018985
930,GDP per capita growth (annual %),2006,1.53430913433827
931,"GDP per capita, PPP (constant 2021 international $)",2006,41476.6571818209
932,GDP deflator: linked series (base year varies by country),2006,80.3834414092389
933,"GDP per capita, PPP (current international $)",2006,27744.0617198326
934,GDP per person employed (constant 2021 PPP $),2006,80890.1006740783
935,GDP per unit of energy use (constant 2021 PPP $ per kg of oil equivalent),2006,10.2479362737945
936,GDP per unit of energy use (PPP $ per kg of oil equivalent),2006,6.85492505422263
937,"GDP, PPP (constant 2021 international $)",2006,173563219643.048
938,"GDP, PPP (current international $)",2006,116097800672.812
939,GDP: linked series (current LCU),2006,172004000000.0
940,GDP (constant 2015 US$),2007,153772257535.871
941,GDP (constant LCU),2007,220505573000.0
942,GDP (current LCU),2007,186673000000.0
943,GDP (current US$),2007,137188946865.584
944,GDP deflator (base year varies by country),2007,84.6568172678339
945,GDP growth (annual %),2007,3.04991051170988
946,GDP per capita (constant 2015 US$),2007,36406.1408058787
947,GDP per capita (constant LCU),2007,52205.4957621099
948,GDP per capita (current LCU),2007,44195.5111510962
949,GDP per capita (current US$),2007,32479.9817381467
950,GDP per capita growth (annual %),2007,2.09353083178681
951,"GDP per capita, PPP (constant 2021 international $)",2007,42344.9837879168
952,GDP deflator: linked series (base year varies by country),2007,84.6568172678338
953,"GDP per capita, PPP (current international $)",2007,29353.5006283723
954,GDP per person employed (constant 2021 PPP $),2007,81925.5476796514
955,GDP per unit of energy use (constant 2021 PPP $ per kg of oil equivalent),2007,10.4439600347112
956,GDP per unit of energy use (PPP $ per kg of oil equivalent),2007,7.23974270428392
957,"GDP, PPP (constant 2021 international $)",2007,178856742523.403
958,"GDP, PPP (current international $)",2007,123983315954.119
959,GDP: linked series (current LCU),2007,186673000000.0
960,GDP (constant 2015 US$),2008,151866196412.071
961,GDP (constant LCU),2008,217772329000.0
962,GDP (current LCU),2008,189406000000.0
963,GDP (current US$),2008,133131369930.414
964,GDP deflator (base year varies by country),2008,86.9743189457279
965,GDP growth (annual %),2008,-1.2395351114323
966,GDP per capita (constant 2015 US$),2008,35651.0156373706
967,GDP per capita (constant LCU),2008,51122.6651485985
968,GDP per capita (current LCU),2008,44463.5898398986
969,GDP per capita (current US$),2008,31252.9625640673
970,GDP per capita growth (annual %),2008,-2.07416977408981
971,"GDP per capita, PPP (constant 2021 international $)",2008,41466.6769333446
972,GDP deflator: linked series (base year varies by country),2008,86.9743189457279
973,"GDP per capita, PPP (current international $)",2008,29827.1425475385
974,GDP per person employed (constant 2021 PPP $),2008,80606.4799234919
975,GDP per unit of energy use (constant 2021 PPP $ per kg of oil equivalent),2008,10.1566217455546
976,GDP per unit of energy use (PPP $ per kg of oil equivalent),2008,7.30569765918429
977,"GDP, PPP (constant 2021 international $)",2008,176639750400.661
978,"GDP, PPP (current international $)",2008,127057661824.005
979,GDP: linked series (current LCU),2008,189406000000.0
980,GDP (constant 2015 US$),2009,151787298244.391
981,GDP (constant LCU),2009,217659191000.0
982,GDP (current LCU),2009,194307000000.0
983,GDP (current US$),2009,121373602348.679
984,GDP deflator (base year varies by country),2009,89.2712129946307
985,GDP growth (annual %),2009,-0.051952422293283
986,GDP per capita (constant 2015 US$),2009,35278.0407763656
987,GDP per capita (constant LCU),2009,50587.8285222889
988,GDP per capita (current LCU),2009,45160.368149491
989,GDP per capita (current US$),2009,28209.3623271229
990,GDP per capita growth (annual %),2009,-1.04618298900314
991,"GDP per capita, PPP (constant 2021 international $)",2009,41032.8596131631
992,GDP deflator: linked series (base year varies by country),2009,89.2712129946307
993,"GDP per capita, PPP (current international $)",2009,30682.9538757235
994,GDP per person employed (constant 2021 PPP $),2009,81610.1922479811
995,GDP per unit of energy use (constant 2021 PPP $ per kg of oil equivalent),2009,10.0737691214988
996,GDP per unit of energy use (PPP $ per kg of oil equivalent),2009,7.53281628976405
997,"GDP, PPP (constant 2021 international $)",2009,176547981771.595
998,"GDP, PPP (current international $)",2009,132016477345.688
999,GDP: linked series (current LCU),2009,194307000000.0
1000,GDP (constant 2015 US$),2010,153980049861.399
1001,GDP (constant LCU),2010,220803542000.0
1002,GDP (current LCU),2010,203342000000.0
1003,GDP (current US$),2010,146517541181.254
1004,GDP deflator (base year varies by country),2010,92.0918197951734
1005,GDP growth (annual %),2010,1.44462128410649
1006,GDP per capita (constant 2015 US$),2010,35392.017344657
1007,GDP per capita (constant LCU),2010,50751.2680718045
1008,GDP per capita (current LCU),2010,46737.7663364516
1009,GDP per capita (current US$),2010,33676.7741239925
1010,GDP per capita growth (annual %),2010,0.323080777115536
1011,"GDP per capita, PPP (constant 2021 international $)",2010,41165.428894874
1012,GDP deflator: linked series (base year varies by country),2010,92.0918197951734
1013,"GDP per capita, PPP (current international $)",2010,31214.0510925451
1014,GDP per person employed (constant 2021 PPP $),2010,82421.3741033219
1015,GDP per unit of energy use (constant 2021 PPP $ per kg of oil equivalent),2010,9.74307866753166
1016,GDP per unit of energy use (PPP $ per kg of oil equivalent),2010,7.38777570139416
1017,"GDP, PPP (constant 2021 international $)",2010,179098431492.928
1018,"GDP, PPP (current international $)",2010,135802972088.336
1019,GDP: linked series (current LCU),2010,203342000000.0
1020,GDP (constant 2015 US$),2011,157431269722.275
1021,GDP (constant LCU),2011,225752505000.0
1022,GDP (current LCU),2011,213030000000.0
1023,GDP (current US$),2011,168295307149.46
1024,GDP deflator (base year varies by country),2011,94.3644014049811
1025,GDP growth (annual %),2011,2.24134221542516
1026,GDP per capita (constant 2015 US$),2011,35910.4173636577
1027,GDP per capita (constant LCU),2011,51494.6407390511
1028,GDP per capita (current LCU),2011,48592.6094890511
1029,GDP per capita (current US$),2011,38388.5280906616
1030,GDP per capita growth (annual %),2011,1.46473712971036
1031,"GDP per capita, PPP (constant 2021 international $)",2011,41768.3942165017
1032,GDP deflator: linked series (base year varies by country),2011,94.3644014049811
1033,"GDP per capita, PPP (current international $)",2011,32702.1461450023
1034,GDP per person employed (constant 2021 PPP $),2011,83016.4585407175
1035,GDP per unit of energy use (constant 2021 PPP $ per kg of oil equivalent),2011,9.99955440589729
1036,GDP per unit of energy use (PPP $ per kg of oil equivalent),2011,7.82905102531717
1037,"GDP, PPP (constant 2021 international $)",2011,183112640245.144
1038,"GDP, PPP (current international $)",2011,143366208699.69
1039,GDP: linked series (current LCU),2011,213030000000.0
1040,GDP (constant 2015 US$),2012,161035600341.707
1041,GDP (constant LCU),2012,230921025000.0
1042,GDP (current LCU),2012,217494000000.0
1043,GDP (current US$),2012,176210710655.208
1044,GDP deflator (base year varies by country),2012,94.1854471674894
1045,GDP growth (annual %),2012,2.2894629674209
1046,GDP per capita (constant 2015 US$),2012,36531.7484498327
1047,GDP per capita (constant LCU),2012,52385.6139833488
1048,GDP per capita (current LCU),2012,49339.624781652
1049,GDP per capita (current US$),2012,39974.2997334925
1050,GDP per capita growth (annual %),2012,1.73022518753503
1051,"GDP per capita, PPP (constant 2021 international $)",2012,42491.0814936646
1052,GDP deflator: linked series (base year varies by country),2012,94.1854471674894
1053,"GDP per capita, PPP (current international $)",2012,32989.3681569621
1054,GDP per person employed (constant 2021 PPP $),2012,85031.8923987772
1055,GDP per unit of energy use (constant 2021 PPP $ per kg of oil equivalent),2012,9.75055917604287
1056,GDP per unit of energy use (PPP $ per kg of oil equivalent),2012,7.57017178870073
1057,"GDP, PPP (constant 2021 international $)",2012,187304936332.223
1058,"GDP, PPP (current international $)",2012,145420433772.705
1059,GDP: linked series (current LCU),2012,217494000000.0
1060,GDP (constant 2015 US$),2013,165480472114.228
1061,GDP (constant LCU),2013,237294860000.0
1062,GDP (current LCU),2013,232797000000.0
1063,GDP (current US$),2013,190909855416.34
1064,GDP deflator (base year varies by country),2013,98.1045270007113
1065,GDP growth (annual %),2013,2.76017958953716
1066,GDP per capita (constant 2015 US$),2013,37252.7570550478
1067,GDP per capita (constant LCU),2013,53419.5222980122
1068,GDP per capita (current LCU),2013,52406.9696765044
1069,GDP per capita (current US$),2013,42977.388040868
1070,GDP per capita growth (annual %),2013,1.97364932096052
1071,"GDP per capita, PPP (constant 2021 international $)",2013,43329.7064350331
1072,GDP deflator: linked series (base year varies by country),2013,98.1045270007113
1073,"GDP per capita, PPP (current international $)",2013,36243.2439727716
1074,GDP per person employed (constant 2021 PPP $),2013,85792.9276700506
1075,GDP per unit of energy use (constant 2021 PPP $ per kg of oil equivalent),2013,9.93730877310683
1076,GDP per unit of energy use (PPP $ per kg of oil equivalent),2013,8.31208738597123
1077,"GDP, PPP (constant 2021 international $)",2013,192474888955.06
1078,"GDP, PPP (current international $)",2013,160996114051.449
1079,GDP: linked series (current LCU),2013,232797000000.0
1080,GDP (constant 2015 US$),2014,171693137607.002
1081,GDP (constant LCU),2014,246203667000.0
1082,GDP (current LCU),2014,242699000000.0
1083,GDP (current US$),2014,201337554959.49
1084,GDP deflator (base year varies by country),2014,98.5765171401773
1085,GDP growth (annual %),2014,3.75431941509395
1086,GDP per capita (constant 2015 US$),2014,38014.6435529728
1087,GDP per capita (constant LCU),2014,54512.0484888741
1088,GDP per capita (current LCU),2014,53736.0788220968
1089,GDP per capita (current US$),2014,44578.2253868016
1090,GDP per capita growth (annual %),2014,2.0451815064295
1091,"GDP per capita, PPP (constant 2021 international $)",2014,44215.8775778326
1092,GDP deflator: linked series (base year varies by country),2014,98.5765171401773
1093,"GDP per capita, PPP (current international $)",2014,37297.8134848978
1094,GDP per person employed (constant 2021 PPP $),2014,85733.8670587769
1095,GDP per unit of energy use (constant 2021 PPP $ per kg of oil equivalent),2014,9.7113148100682
1096,GDP per unit of energy use (PPP $ per kg of oil equivalent),2014,8.1918719772429
1097,"GDP, PPP (constant 2021 international $)",2014,199701011080.281
1098,"GDP, PPP (current international $)",2014,168455574604.541
1099,GDP: linked series (current LCU),2014,242699000000.0
1100,GDP (constant 2015 US$),2015,178104220784.881
1101,GDP (constant LCU),2015,255397000000.0
1102,GDP (current LCU),2015,255397000000.0
1103,GDP (current US$),2015,178104220784.881
1104,GDP deflator (base year varies by country),2015,100.0
1105,GDP growth (annual %),2015,3.73403577291154
1106,GDP per capita (constant 2015 US$),2015,38639.3501941427
1107,GDP per capita (constant LCU),2015,55407.8621946457
1108,GDP per capita (current LCU),2015,55407.8621946457
1109,GDP per capita (current US$),2015,38639.3501941427
1110,GDP per capita growth (annual %),2015,1.64333157642101
1111,"GDP per capita, PPP (constant 2021 international $)",2015,44942.4910558607
1112,GDP deflator: linked series (base year varies by country),2015,100.0
1113,"GDP per capita, PPP (current international $)",2015,37552.7372973495
1114,GDP per person employed (constant 2021 PPP $),2015,86703.5084690728
1115,GDP per unit of energy use (constant 2021 PPP $ per kg of oil equivalent),2015,10.1415641798118
1116,GDP per unit of energy use (PPP $ per kg of oil equivalent),2015,8.47401838396805
1117,"GDP, PPP (constant 2021 international $)",2015,207157918272.885
1118,"GDP, PPP (current international $)",2015,173095587298.403
1119,GDP: linked series (current LCU),2015,255397000000.0
1120,GDP (constant 2015 US$),2016,184780121689.709
1121,GDP (constant LCU),2016,264970075000
1122,GDP (current LCU),2016,271357000000
1123,GDP (current US$),2016,188898209220.167
1124,GDP deflator (base year varies by country),2016,102.41043257432
1125,GDP growth (annual %),2016,3.74831145236631
1126,GDP per capita (constant 2015 US$),2016,39197.327525871
1127,GDP per capita (constant LCU),2016,56207.9877389109
1128,GDP per capita (current LCU),2016,57562.8433847394
1129,GDP per capita (current US$),2016,40070.8956577431
1130,GDP per capita growth (annual %),2016,1.44406499831086
1131,"GDP per capita, PPP (constant 2021 international $)",2016,45591.4898385674
1132,GDP deflator: linked series (base year varies by country),2016,102.41043257432
1133,"GDP per capita, PPP (current international $)",2016,39946.2344308563
1134,GDP per person employed (constant 2021 PPP $),2016,85996.5181905882
1135,GDP per unit of energy use (constant 2021 PPP $ per kg of oil equivalent),2016,
1136,GDP per unit of energy use (PPP $ per kg of oil equivalent),2016,
1137,"GDP, PPP (constant 2021 international $)",2016,214922842247.991
1138,"GDP, PPP (current international $)",2016,188310543730.5
1139,GDP: linked series (current LCU),2016,271357000000
1140,GDP (constant 2015 US$),2017,191057624435.572
1141,GDP (constant LCU),2017,273971857000
1142,GDP (current LCU),2017,290724000000
1143,GDP (current US$),2017,206566916732.292
1144,GDP deflator (base year varies by country),2017,106.114548838496
1145,GDP growth (annual %),2017,3.39728250444887
1146,GDP per capita (constant 2015 US$),2017,39691.2133196719
1147,GDP per capita (constant LCU),2017,56916.2076200765
1148,GDP per capita (current LCU),2017,60396.3769320259
1149,GDP per capita (current US$),2017,42913.186956185
1150,GDP per capita growth (annual %),2017,1.25999864014925
1151,"GDP per capita, PPP (constant 2021 international $)",2017,46165.9419905572
1152,GDP deflator: linked series (base year varies by country),2017,106.114548838496
1153,"GDP per capita, PPP (current international $)",2017,42206.923421304
1154,GDP per person employed (constant 2021 PPP $),2017,85365.0292870366
1155,GDP per unit of energy use (constant 2021 PPP $ per kg of oil equivalent),2017,
1156,GDP per unit of energy use (PPP $ per kg of oil equivalent),2017,
1157,"GDP, PPP (constant 2021 international $)",2017,222224378365.746
1158,"GDP, PPP (current international $)",2017,203167246580.789
1159,GDP: linked series (current LCU),2017,290723999999.999
1160,GDP (constant 2015 US$),2018,197743680329.155
1161,GDP (constant LCU),2018,283559494000
1162,GDP (current LCU),2018,306173000000
1163,GDP (current US$),2018,211846555690.736
1164,GDP deflator (base year varies by country),2018,107.974871756542
1165,GDP growth (annual %),2018,3.49949703045593
1166,GDP per capita (constant 2015 US$),2018,40350.9122003744
1167,GDP per capita (constant LCU),2018,57862.1993225319
1168,GDP per capita (current LCU),2018,62476.6355140187
1169,GDP per capita (current US$),2018,43228.6976473771
1170,GDP per capita growth (annual %),2018,1.66207788960591
1171,"GDP per capita, PPP (constant 2021 international $)",2018,46933.2559049105
1172,GDP deflator: linked series (base year varies by country),2018,107.974871756542
1173,"GDP per capita, PPP (current international $)",2018,42499.3779260836
1174,GDP per person employed (constant 2021 PPP $),2018,86237.1479667083
1175,GDP per unit of energy use (constant 2021 PPP $ per kg of oil equivalent),2018,
1176,GDP per unit of energy use (PPP $ per kg of oil equivalent),2018,
1177,"GDP, PPP (constant 2021 international $)",2018,230001113887.604
1178,"GDP, PPP (current international $)",2018,208272451464.565
1179,GDP: linked series (current LCU),2018,306172999999.999
1180,GDP (constant 2015 US$),2019,202414311267.63
1181,GDP (constant LCU),2019,290257062000
1182,GDP (current LCU),2019,323075000000
1183,GDP (current US$),2019,212846907683.439
1184,GDP deflator (base year varies by country),2019,111.306508022189
1185,GDP growth (annual %),2019,2.36196217785604
1186,GDP per capita (constant 2015 US$),2019,40651.9744673101
1187,GDP per capita (constant LCU),2019,58293.9150867609
1188,GDP per capita (current LCU),2019,64884.9212724936
1189,GDP per capita (current US$),2019,42747.2099299966
1190,GDP per capita growth (annual %),2019,0.74611018814295
1191,"GDP per capita, PPP (constant 2021 international $)",2019,47283.4297088442
1192,GDP deflator: linked series (base year varies by country),2019,111.306508022189
1193,"GDP per capita, PPP (current international $)",2019,45163.6964269884
1194,GDP per person employed (constant 2021 PPP $),2019,86927.7547548767
1195,GDP per unit of energy use (constant 2021 PPP $ per kg of oil equivalent),2019,
1196,GDP per unit of energy use (PPP $ per kg of oil equivalent),2019,
1197,"GDP, PPP (constant 2021 international $)",2019,235433653206.277
1198,"GDP, PPP (current international $)",2019,224879077249.261
1199,GDP: linked series (current LCU),2019,323075000000
1200,GDP (constant 2015 US$),2020,201554239788.002
1201,GDP (constant LCU),2020,289023741000
1202,GDP (current LCU),2020,327992000000
1203,GDP (current US$),2020,212697530897.56
1204,GDP deflator (base year varies by country),2020,113.482719054557
1205,GDP growth (annual %),2020,-0.424906457573115
1206,GDP per capita (constant 2015 US$),2020,39596.5266174221
1207,GDP per capita (constant LCU),2020,56780.4292562178
1208,GDP per capita (current LCU),2020,64435.9750108051
1209,GDP per capita (current US$),2020,41785.6922905898
1210,GDP per capita growth (annual %),2020,-2.59630156645085
1211,"GDP per capita, PPP (constant 2021 international $)",2020,46055.8092826418
1212,GDP deflator: linked series (base year varies by country),2020,113.482719054557
1213,"GDP per capita, PPP (current international $)",2020,45283.4680496217
1214,GDP per person employed (constant 2021 PPP $),2020,85326.0657821908
1215,GDP per unit of energy use (constant 2021 PPP $ per kg of oil equivalent),2020,
1216,GDP per unit of energy use (PPP $ per kg of oil equivalent),2020,
1217,"GDP, PPP (constant 2021 international $)",2020,234433280410.503
1218,"GDP, PPP (current international $)",2020,230501909066.184
1219,GDP: linked series (current LCU),2020,327992000000
1220,GDP (constant 2015 US$),2021,210717394654.719
1221,GDP (constant LCU),2021,302163476000
1222,GDP (current LCU),2021,358602000000
1223,GDP (current US$),2021,253644079784.977
1224,GDP deflator (base year varies by country),2021,118.678142291426
1225,GDP growth (annual %),2021,4.54624763852878
1226,GDP per capita (constant 2015 US$),2021,41225.7927835812
1227,GDP per capita (constant LCU),2021,59116.7562068358
1228,GDP per capita (current LCU),2021,70158.6680492243
1229,GDP per capita (current US$),2021,49624.1816729553
1230,GDP per capita growth (annual %),2021,4.11466940497311
1231,"GDP per capita, PPP (constant 2021 international $)",2021,47950.8535764075
1232,GDP deflator: linked series (base year varies by country),2021,118.678142291426
1233,"GDP per capita, PPP (current international $)",2021,47950.8535764075
1234,GDP per person employed (constant 2021 PPP $),2021,87243.4210491982
1235,GDP per unit of energy use (constant 2021 PPP $ per kg of oil equivalent),2021,
1236,GDP per unit of energy use (PPP $ per kg of oil equivalent),2021,
1237,"GDP, PPP (constant 2021 international $)",2021,245091197885.091
1238,"GDP, PPP (current international $)",2021,245091197885.091
1239,GDP: linked series (current LCU),2021,358601999999.999
1240,GDP (constant 2015 US$),2022,216564470789.24
1241,GDP (constant LCU),2022,310548037000
1242,GDP (current LCU),2022,389144000000
1243,GDP (current US$),2022,246733522841.353
1244,GDP deflator (base year varies by country),2022,125.30879401437
1245,GDP growth (annual %),2022,2.7748426484212
1246,GDP per capita (constant 2015 US$),2022,42320.892439076
1247,GDP per capita (constant LCU),2022,60687.101735324
1248,GDP per capita (current LCU),2022,76046.2753068084
1249,GDP per capita (current US$),2022,48216.5095836302
1250,GDP per capita growth (annual %),2022,2.65634589792765
1251,"GDP per capita, PPP (constant 2021 international $)",2022,49224.5941084056
1252,GDP deflator: linked series (base year varies by country),2022,125.30879401437
1253,"GDP per capita, PPP (current international $)",2022,53070.993210215
1254,GDP per person employed (constant 2021 PPP $),2022,88203.5956162009
1255,GDP per unit of energy use (constant 2021 PPP $ per kg of oil equivalent),2022,
1256,GDP per unit of energy use (PPP $ per kg of oil equivalent),2022,
1257,"GDP, PPP (constant 2021 international $)",2022,251892092971.533
1258,"GDP, PPP (current international $)",2022,271574886455.312
1259,GDP: linked series (current LCU),2022,389144000000
1260,GDP (constant 2015 US$),2023,218152542756.614
1261,GDP (constant LCU),2023,312825292499.415
1262,GDP (current LCU),2023,410651000000
1263,GDP (current US$),2023,252175506110.168
1264,GDP deflator (base year varies by country),2023,131.271674588386
1265,GDP growth (annual %),2023,0.733302171674978
1266,GDP per capita (constant 2015 US$),2023,41766.8707772422
1267,GDP per capita (constant LCU),2023,59892.6485227958
1268,GDP per capita (current LCU),2023,78622.0826712106
1269,GDP per capita (current US$),2023,48280.8114166238
1270,GDP per capita growth (annual %),2023,-1.30909730372859
1271,"GDP per capita, PPP (constant 2021 international $)",2023,48580.1962741612
1272,GDP deflator: linked series (base year varies by country),2023,131.271674588386
1273,"GDP per capita, PPP (current international $)",2023,53480.7718326715
1274,GDP per person employed (constant 2021 PPP $),2023,86449.4701945583
1275,GDP per unit of energy use (constant 2021 PPP $ per kg of oil equivalent),2023,
1276,GDP per unit of energy use (PPP $ per kg of oil equivalent),2023,
1277,"GDP, PPP (constant 2021 international $)",2023,253739223159.571
1278,"GDP, PPP (current international $)",2023,279335419359.227
1279,GDP: linked series (current LCU),2023,410650999999.999
